,,,,,,,,,,,,,,,,,,,,,,,,,,,,,,,,,,,,,,,,,,,,,,,,,,,,,,,,,,,,,,,,,,,,,,,,,,,,,,,,,,,,,,,,,,,,,,,,,,,,,,,,,,,,,,,,,,,,,,,,,,,,,,,,,,,,,,,,,,,,,,,,,,,,,,,,,,,,,,,,,,,,,,,,,,,,,,,,MB,MB,MB,MB,,,,,,,,,FP,,,,,,,,,,,,,,,,,
,,,,,,,,,,,,,,,,,,,,,,,,,,,,,,,,,,,,,,,,,,,,,,,,,,,,,,,,,,,,,,,,,,,,,,,,,,,,,,,,,,,,,,,,,,,,,,,,,,,,,,,,,,,,,,,,,,,,,,,,,,,,,,,,,,,,,,,,,,,,,,,,,,,,,,,,,,,,,,,,,,,,,,,,,,,,,,,,MB,MB,MB,MB,,,,,,,,,FP,,,,,,,,,,,,,,,,,
,,,,,,,,,,,,,,,,,,,,,,,,,,,,,,,,,,,,,,,,,,,,,,,,,,,,,,,,,,,,,,,,,,,,,,,,,,,,,,,,,,FB,FB,,,,,,,,,,,,,,,,,,,,,,,,,,,,,,,,,,,,,,,,,,,,,,,,,,,,,,,,,,,,,,,,,,,,,,,,,,,,,,,,,,,,,,,,,,,,,MB,MB,MB,MB,,,,,,,,,FP,,,,,,,,,,,,,,,,,
,,,,,,,,,,,,,,,,,,,,,,,,,,,,,,,,,,,,,,,,,,,,,,,,,,,,,,,,,,,,,,,,,,,,,,,,,,,,,,,FB,,,,,,FB,,,,,,,,,,,,,,,,,,,,,,,,,,,,,,,,,,,,,,,,,,,,,,,,,,,,,,,,,,,,,,,,,,,,,,,,,,,,,,,,,,,,,,,,,,,MB,MB,MB,MB,,,,,,,,,FP,,,,,,,,,,,,,,,,,
,,,,,,,,,,,,,,,,,,,,,,,,BB,BB,BB,BB,BB,BB,BB,,,,,,,,,,,,,,,,,,,,,,,,,,,,,,,,,,,,,,,,,,,,,,FB,,,,,,,,,,,,FB,,,,,,,,,,,,,,,,,,,,,,,,,,,,,,,,,,,,,,,,,,,,,,,,,,,,,,,,,,,,,,,,,,,,,,,,,,,,,,,,,,,,,,,,MB,MB,MB,MB,,,,,,,,,FP,,,,,,,,,,,,,,,,,
,,,,,,,BB,,,,,,,,,,,,,,,,,BB,,,,,,,,,,,,,,,,,,,,,,,,,,,,,,,,,,,FB,FB,FB,FB,FB,FB,,,,,,,,,,,,,,,,,FB,,,,,,,,,,,,,,,,,,,,,,,,,,,,,,,,,,,,,,,,,,,,,,,,,,,,,,,,,,,,,,,,,,,,,,,,,,,,,,,,,,,,,,,,,,,,,,,MB,MB,MB,MB,,,,,,,,,FP,,,,,,,,,,,,,,,,,
,,,,,,,,,,,,,,,,,,,,,,,,BB,,,,,,,,,,,,,,,,,,,,,,,,,,,,,,,,,,,,,,,,,,,,,,,,,,,,,,,,,,,,,,,,,,,,,,,,FB,,,,,,,,,,,,,,,,,,,,,,,,,,,,,,,,,,,,,,,,,,,,,,,,,,,,,,,,,,,,,,,,,,,,,,,,,,,,,,,,MB,MB,MB,MB,,,,,,,,,FP,,,,,,,,,,,,,,,,,
,,,,,,,,,,,,,,,,,,,,,,,,BB,,,,,,,,,,,,,,,,,,,,,,,FB,FB,FB,FB,FB,,,,,,,,,,,,,,,,,,,,,,,,,,,,,,,,,,,,,,,,,,,,,,,,,,,,,,,,,,,,,,,,,,,,,,,,,,,,,,,,,,,,,,,,,,,,,,,,,,,,,,,,,,,,,,,,,,,,,,,,,,,,,MB,MB,MB,MB,,,,,,,,,FP,,,,,,,,,,,,,,,,,
,,,,,,,BB,BB,BB,BB,BB,BB,BB,BB,BB,BB,,,,,,,,BB,BB,BB,BB,BB,BB,BB,BB,,,,,,,,,,,,,FB,,,,,,,,,,,,,,,,FB,,,,,,,,,,,,,,,,,,,,,,,,,,,,,,,,,,,,,,,,,,,,,,,,,,,,,,,,,,,,,,,,,,,,,,,,,,,,,,,,,,,,,,,,,,,,,,,,,,,,,,,,,,,,,,,,,,,,MB,MB,MB,MB,,,,,,,,,FP,,,,,,,,,,,,,,,,,
,,,,,,,,,,,,,,,,,,,,,,,,BB,,,,,,,,,,,,,,,,,FB,,,,,,,,,,,,,,,,,,,,,,FB,,,,,,,,,,,,,,,,,,,,,,,,,,,,,,,,,,,,,,,,,,,,,,,,,,,,,,,,,,,,,,,,,,,,,,,,,,,,,,,,,,,,,,,,,,,,,,,,,,,,,,,,,,,,,,,,,MB,MB,MB,MB,,,,,,,,,FP,,,,,,,,,,,,,,,,,
,,,,,,,,,,,,,,,,,,,,,,,,,,,,,,,,,,,,,,FB,,,,,,,,,,,,,,,,,,,,,,,,,,,,FB,,,,,,,,,,,,,,,,,,,,,,,,,,,,,,,,,,,,,,,,,,,,,,,,,,,,,,,,,,,,,,,,,,,,,,,,,,,,,,,,,,,,,,,,,,,,,,,,,,,,,,,,,,,,,,MB,MB,MB,MB,,,,,,,,,FP,,,,,,,,,,,,,,,,,
,,,,,,,,,,,,,,,,,,,,,,,,,,,,,,,,,,,FB,,,,,,,,,,,,,,,,,,,,,,,,,,,,,,,,,,FB,,,,,,,,,,,,,,,,,,,,,,,,,,,,,,,,,,,,,,,,,,,,,,,,,,,,,,,,,,,,,,,,,,,,,,,,,,,,,,,,,,,,,,,,,,,,,,,,,,,,,,,,,,,MB,MB,MB,MB,,,,,,,,,FP,,,,,,,,,,,,,,,,,
SP,SP,,,,,,,,,,,,,,,,,,,,,,,,,,,,,,,FB,,,,,,,,,,,,,,,,,,,,,,,,,,,,,,,,,,,,,,,,FB,,,,,,,,,,,,,,,,,,,,,,,,,,,,,,,,,,,,,,,,,,,,,,,,,,,,,,,,,,,,,,,,,,,,,,,,,,,,,,,,,,,,,,,,,,,,,,,,,,,,,,,,MB,MB,MB,MB,,,,,,,,,FP,,,,,,,,,,,,,,,,,
FB,FB,FB,FB,FB,FB,FB,FB,FB,FB,FB,FB,FB,FB,FB,FB,FB,FB,FB,FB,FB,FB,FB,FB,FB,FB,FB,FB,FB,FB,FB,FB,FB,FB,FB,FB,FB,FB,FB,FB,FB,FB,FB,FB,FB,FB,FB,FB,FB,FB,FB,FB,FB,FB,FB,FB,FB,FB,FB,FB,FB,FB,FB,FB,FB,,,FB,FB,FB,FB,FB,FB,FB,FB,FB,FB,FB,FB,FB,FB,FB,,,,FB,FB,FB,FB,FB,FB,FB,FB,FB,FB,FB,FB,FB,FB,FB,FB,FB,FB,FB,FB,FB,FB,FB,FB,FB,FB,FB,FB,FB,FB,FB,FB,FB,FB,FB,FB,FB,FB,FB,FB,FB,FB,FB,FB,FB,FB,FB,FB,FB,FB,FB,FB,FB,FB,FB,FB,FB,FB,FB,FB,,,FB,FB,FB,FB,FB,FB,FB,FB,FB,FB,FB,FB,FB,FB,FB,FB,FB,FB,FB,FB,FB,FB,FB,FB,FB,FB,FB,FB,FB,FB,FB,FB,FB,FB,FB,FB,FB,FB,FB,FB,FB,FB,FB,FB,FB,FB,FB,FB,FB,FB,FB,FB,FB,FB,FB,FB,FB,FB,FB
FB,FB,FB,FB,FB,FB,FB,FB,FB,FB,FB,FB,FB,FB,FB,FB,FB,FB,FB,FB,FB,FB,FB,FB,FB,FB,FB,FB,FB,FB,FB,FB,FB,FB,FB,FB,FB,FB,FB,FB,FB,FB,FB,FB,FB,FB,FB,FB,FB,FB,FB,FB,FB,FB,FB,FB,FB,FB,FB,FB,FB,FB,FB,FB,FB,,,FB,FB,FB,FB,FB,FB,FB,FB,FB,FB,FB,FB,FB,FB,FB,,,,FB,FB,FB,FB,FB,FB,FB,FB,FB,FB,FB,FB,FB,FB,FB,FB,FB,FB,FB,FB,FB,FB,FB,FB,FB,FB,FB,FB,FB,FB,FB,FB,FB,FB,FB,FB,FB,FB,FB,FB,FB,FB,FB,FB,FB,FB,FB,FB,FB,FB,FB,FB,FB,FB,FB,FB,FB,FB,FB,FB,,,FB,FB,FB,FB,FB,FB,FB,FB,FB,FB,FB,FB,FB,FB,FB,FB,FB,FB,FB,FB,FB,FB,FB,FB,FB,FB,FB,FB,FB,FB,FB,FB,FB,FB,FB,FB,FB,FB,FB,FB,FB,FB,FB,FB,FB,FB,FB,FB,FB,FB,FB,FB,FB,FB,FB,FB,FB,FB,FB
FB,FB,FB,FB,FB,FB,FB,FB,FB,FB,FB,FB,FB,FB,FB,FB,FB,FB,FB,FB,FB,FB,FB,FB,FB,FB,FB,FB,FB,FB,FB,FB,FB,FB,FB,FB,FB,FB,FB,FB,FB,FB,FB,FB,FB,FB,FB,FB,FB,FB,FB,FB,FB,FB,FB,FB,FB,FB,FB,FB,FB,FB,FB,FB,FB,DB,DB,FB,FB,FB,FB,FB,FB,FB,FB,FB,FB,FB,FB,FB,FB,FB,DB,DB,DB,FB,FB,FB,FB,FB,FB,FB,FB,FB,FB,FB,FB,FB,FB,FB,FB,FB,FB,FB,FB,FB,FB,FB,FB,FB,FB,FB,FB,FB,FB,FB,FB,FB,FB,FB,FB,FB,FB,FB,FB,FB,FB,FB,FB,FB,FB,FB,FB,FB,FB,FB,FB,FB,FB,FB,FB,FB,FB,FB,FB,DB,DB,FB,FB,FB,FB,FB,FB,FB,FB,FB,FB,FB,FB,FB,FB,FB,FB,FB,FB,FB,FB,FB,FB,FB,FB,FB,FB,FB,FB,FB,FB,FB,FB,FB,FB,FB,FB,FB,FB,FB,FB,FB,FB,FB,FB,FB,FB,FB,FB,FB,FB,FB,FB,FB,FB,FB,FB,FB,FB,FB
